<?xml version="1.0" encoding="UTF-8"?>
<root>
  <item name="com.projecttango.tangosupport.ux.ExceptionHelper DEPTH_POINTS_SAMPLING_SIZE">
    <annotation name="android.support.annotation.VisibleForTesting" />
  </item>
  <item name="com.projecttango.tangosupport.ux.ExceptionHelper DEPTH_THRESHOLD_MAX">
    <annotation name="android.support.annotation.VisibleForTesting" />
  </item>
  <item name="com.projecttango.tangosupport.ux.ExceptionHelper DEPTH_THRESHOLD_MIN">
    <annotation name="android.support.annotation.VisibleForTesting" />
  </item>
  <item name="com.projecttango.tangosupport.ux.ExceptionHelper MIN_DEPTH_POINTS_RATIO">
    <annotation name="android.support.annotation.VisibleForTesting" />
  </item>
  <item name="com.projecttango.tangosupport.ux.ExceptionHelper boolean hasValidDepthRange(java.nio.FloatBuffer, int)">
    <annotation name="android.support.annotation.VisibleForTesting" />
  </item>
  <item name="com.projecttango.tangosupport.ux.MotionDetectionHelper float remapAndLimit(float, float)">
    <annotation name="android.support.annotation.VisibleForTesting" />
  </item>
  <item name="com.projecttango.tangosupport.ux.MotionDetectionHelper float squaredMagnitude(float[])">
    <annotation name="android.support.annotation.VisibleForTesting" />
  </item>
</root>

